{"lr-Adam": 0.0002, "trainer/global_step": 49, "_timestamp": 1699064056.5429642, "_runtime": 119.89504814147949, "_step": 0, "_wandb": {"runtime": 170}}