train_acc,step,epoch,train_loss
0.6666666865348816,0,0,0.6053587794303894
1.0,1,1,0.0
1.0,2,2,0.0
1.0,3,3,0.0
1.0,4,4,0.0
1.0,5,5,0.0
1.0,6,6,0.0
1.0,7,7,0.0
1.0,8,8,0.0
1.0,9,9,0.0
1.0,10,10,0.0
1.0,11,11,0.0
1.0,12,12,0.0
1.0,13,13,0.0
1.0,14,14,0.0
1.0,15,15,0.0
1.0,16,16,0.0
1.0,17,17,0.0
1.0,18,18,0.0
1.0,19,19,0.0
